Order Reference,Invoices/ID,Invoices/Invoice Number,Invoices/Invoice Reference
PO00066,4425,EXJ/2014/0208,1548
PO00065,4421,EXJ/2014/0207,1522
PO00064,4415,EXJ/2014/0206,989
PO00063,4411,EXJ/2014/0204,1522
PO00062,4387,EXJ/2014/0194,218
PO00061,4385,EXJ/2014/0193,1424
PO00060,4391,EXJ/2014/0195,1600
PO00059,4380,EXJ/2014/0188,1548
PO00058,4376,EXJ/2014/0187,1522
PO00055,4399,EXJ/2014/0203,989
PO00054,4414,EXJ/2014/0205,989
PO00053,4360,EXJ/2014/0185,1467
PO00052,4336,EXJ/2014/0176,1522
PO00050,4318,EXJ/2014/0172,989
PO00049,4308,EXJ/2014/0166,989
PO00048,4292,EXJ/2014/0162,1385
PO00047,4291,EXJ/2014/0161,1467
PO00046,,,
PO00045,4287,EXJ/2014/0160,989
PO00044,4286,EXJ/2014/0159,989
PO00043,4275,EXJ/2014/0153,1522
PO00042,4274,EXJ/2014/0152,1467
PO00041,4273,EXJ/2014/0151,1467
PO00040,4272,EXJ/2014/0150,1467
PO00039,4247,EXJ/2014/0138,989
PO00038,4256,EXJ/2014/0144,1600
PO00037,4244,EXJ/2014/0137,989
PO00036,4236,EXJ/2014/0129,1467
PO00035,4203,EXJ/2014/0122,1424
PO00034,4234,EXJ/2014/0128,1600
PO00033,4150,EXJ/2014/0103,1467
PO00032,4149,EXJ/2014/0102,1467
PO00031,4146,EXJ/2014/0101,1522
PO00030,4122,EXJ/2014/0091,1522
PO00029,4107,EXJ/2014/0090,1495
PO00028,4105,EXJ/2014/0089,989
PO00027,3954,EXJ/2014/0073,989
PO00026,3854,EXJ/2014/0060,218
PO00025,4233,EXJ/2014/0127,1600
PO00024,3840,EXJ/2014/0049,1522
PO00023,3838,EXJ/2014/0048,1467
PO00022,3815,EXJ/2014/0036,218
PO00021,3814,EXJ/2014/0035,218
PO00020,3817,EXJ/2014/0037,1600
PO00019,3805,EXJ/2014/0034,1424
PO00018,3791,EXJ/2014/0030,1495
PO00017,3790,EXJ/2014/0029,989
PO00016,3789,EXJ/2014/0028,1467
PO00015,3788,EXJ/2014/0027,1467
PO00014,3787,EXJ/2014/0026,1467
PO00013,3786,EXJ/2014/0025,1467
PO00012,3785,EXJ/2014/0024,1467
PO00011,3783,EXJ/2014/0022,989
PO00010,3782,EXJ/2014/0021,1467
PO00009,3781,EXJ/2014/0020,1467
PO00008,3780,EXJ/2014/0019,1467
PO00006,3779,EXJ/2014/0018,1467
PO00005,3778,EXJ/2014/0017,989
PO00003,3745,EXJ/2014/0004,964
PO00002,3754,EXJ/2014/0005,623
PO00001,3721,EXJ/2014/0002,1424
SO216,4412,INV/2014/0271,
SO214,4410,INV/2014/0270,
SO213,4409,INV/2014/0269,
SO212,4408,INV/2014/0268,
SO211,4407,INV/2014/0267,
SO209,4406,INV/2014/0266,
SO208,4405,INV/2014/0265,
SO207,4403,INV/2014/0264,
SO205,4402,INV/2014/0263,
SO203,4401,INV/2014/0262,
SO202,4390,INV/2014/0261,
SO201,4389,INV/2014/0260,
SO200,4388,INV/2014/0259,
SO199,4383,INV/2014/0258,
SO198,4413,INV/2014/0272,
SO197,4379,INV/2014/0257,
SO196,4378,INV/2014/0256,
SO195,4377,INV/2014/0255,
SO194,4375,INV/2014/0254,
SO193,4374,INV/2014/0253,
SO192,4373,INV/2014/0252,
SO191,4372,INV/2014/0251,
SO190,4371,INV/2014/0250,
SO189,4404,SCNJ/2014/0011,
,4370,INV/2014/0249,
SO188,4369,INV/2014/0248,
SO187,4359,INV/2014/0244,
SO186,4358,INV/2014/0243,
SO185,4355,INV/2014/0241,
SO184,4354,INV/2014/0239,
SO183,4353,INV/2014/0240,
SO182,4352,INV/2014/0238,
SO181,4351,INV/2014/0237,
SO180,4350,INV/2014/0236,
SO179,4349,INV/2014/0235,
SO178,4356,INV/2014/0242,
SO176,4348,INV/2014/0234,
SO175,4347,INV/2014/0233,
SO174,4339,INV/2014/0232,
SO172,4334,INV/2014/0231,
SO171,4332,INV/2014/0229,
SO170,4331,INV/2014/0228,
SO169,4323,INV/2014/0227,
SO168,4322,INV/2014/0226,
SO167,4321,INV/2014/0225,
SO166,4320,INV/2014/0224,
SO165,4319,INV/2014/0223,
SO164,4317,INV/2014/0222,
SO163,4316,INV/2014/0221,
SO162,4307,INV/2014/0219,
SO161,4306,INV/2014/0218,
SO160,4305,INV/2014/0217,
SO158,4304,INV/2014/0216,
SO157,4303,INV/2014/0215,
SO156,4302,INV/2014/0214,
SO155,4288,INV/2014/0212,
SO154,4284,INV/2014/0211,
SO153,4283,INV/2014/0210,
SO152,4276,INV/2014/0207,
SO151,4309,INV/2014/0220,
SO150,4258,INV/2014/0203,
SO149,4257,INV/2014/0202,
SO148,4253,INV/2014/0201,
SO147,4249,INV/2014/0200,
SO146,4248,INV/2014/0199,
SO145,4246,INV/2014/0198,
SO144,4260,INV/2014/0205,
SO143,4278,INV/2014/0208,
SO142,4235,INV/2014/0196,
SO139,4232,INV/2014/0195,
SO138,4231,INV/2014/0194,
SO136,4229,INV/2014/0192,
SO135,4228,INV/2014/0191,
SO133,4227,INV/2014/0190,
SO132,4226,INV/2014/0189,
SO131,4220,INV/2014/0185,
SO130,4212,INV/2014/0184,
SO129,4211,INV/2014/0183,
SO128,4210,INV/2014/0182,
SO127,4209,INV/2014/0181,
SO126,4207,INV/2014/0179,
SO125,4230,INV/2014/0193,
SO124,4205,INV/2014/0177,
SO123,4204,INV/2014/0176,
SO121,4189,INV/2014/0175,
SO120,4188,INV/2014/0174,
SO119,4294,INV/2014/0213,
SO118,4185,INV/2014/0173,
SO117,4183,INV/2014/0172,
SO116,4182,INV/2014/0171,
SO115,4176,INV/2014/0170,
SO114,4175,INV/2014/0169,
SO113,4174,INV/2014/0168,
SO112,4173,INV/2014/0167,
SO111,4172,INV/2014/0166,
SO110,4171,INV/2014/0165,
SO109,4170,INV/2014/0164,
SO108,4158,INV/2014/0162,
SO107,4157,INV/2014/0161,
SO106,4156,INV/2014/0160,
SO105,4155,INV/2014/0159,
SO104,4154,INV/2014/0158,
SO103,4153,INV/2014/0157,
SO102,4223,INV/2014/0186,
SO101,4152,INV/2014/0156,
SO100,4151,INV/2014/0155,
SO099,4148,INV/2014/0154,
SO098,4147,INV/2014/0153,
SO096,4259,INV/2014/0204,
SO094,4134,INV/2014/0149,
SO093,4133,INV/2014/0148,
SO092,4132,INV/2014/0147,
SO091,4131,INV/2014/0146,
SO089,4224,INV/2014/0187,
SO088,4126,INV/2014/0145,
SO087,4206,INV/2014/0178,
SO086,4125,INV/2014/0144,
SO084,4225,INV/2014/0188,
SO083,4124,INV/2014/0143,
SO082,4121,INV/2014/0142,
SO081,4120,INV/2014/0141,
SO080,4119,INV/2014/0140,
SO079,4118,INV/2014/0139,
SO078,4117,INV/2014/0138,
SO077,4116,INV/2014/0137,
SO076,4115,INV/2014/0136,
SO075,4114,INV/2014/0135,
SO074,4113,INV/2014/0134,
SO073,4112,INV/2014/0133,
SO071,4109,INV/2014/0131,
SO070,4108,INV/2014/0130,
SO069,4104,INV/2014/0128,
SO068,4103,INV/2014/0127,
SO067,4102,INV/2014/0126,
SO066,4101,INV/2014/0125,
SO065,4100,INV/2014/0124,
SO064,4099,INV/2014/0123,
SO063,4098,INV/2014/0122,
SO062,4097,INV/2014/0121,
SO061,4169,INV/2014/0163,
SO060,4070,INV/2014/0120,
SO059,4208,INV/2014/0180,
SO058,3989,INV/2014/0119,
SO057,3988,INV/2014/0118,
SO056,3987,INV/2014/0117,
SO055,3985,INV/2014/0115,
SO054,3984,INV/2014/0113,
SO053,3983,INV/2014/0114,
SO052,3981,INV/2014/0112,
SO051,3980,INV/2014/0111,
SO050,3978,INV/2014/0110,
SO049,3975,INV/2014/0109,
SO048,3974,INV/2014/0108,
SO047,3973,INV/2014/0107,
SO046,3972,INV/2014/0106,
SO045,3971,INV/2014/0105,
SO044,3852,INV/2014/0103,
SO042,3853,INV/2014/0104,
SO041,3839,INV/2014/0102,
SO040,3837,INV/2014/0101,
SO039,3836,INV/2014/0100,
SO038,3834,INV/2014/0099,
SO037,3832,INV/2014/0098,
SO036,4110,INV/2014/0132,
SO035,3824,INV/2014/0097,
SO033,3822,INV/2014/0095,
SO031,3819,INV/2014/0092,
SO030,3818,INV/2014/0091,
SO029,3816,INV/2014/0090,
SO028,3813,INV/2014/0089,
SO027,3812,INV/2014/0088,
SO026,3811,INV/2014/0087,
SO025,3810,INV/2014/0086,
SO024,3809,INV/2014/0085,
SO023,3801,INV/2014/0080,
SO022,3799,INV/2014/0078,
SO021,3798,INV/2014/0077,
SO020,3820,INV/2014/0093,
SO019,4261,INV/2014/0206,
SO018,3802,INV/2014/0081,
SO017,3758,INV/2014/0067,
SO015,3756,INV/2014/0066,
SO014,3821,INV/2014/0094,
SO013,3803,INV/2014/0082,
SO011,3731,INV/2014/0043,
SO006,3718,INV/2014/0033,
SO004,3705,INV/2014/0021,
SO003,3716,INV/2014/0030,
SO002,3740,INV/2014/0052,
,3697,INV/2014/0014,
