Order Reference,Invoices/Invoice Number,Invoices/ID,Invoices/Number
SO216,INV/2014/0271,4412,INV/2014/0271
SO214,INV/2014/0270,4410,INV/2014/0270
SO213,INV/2014/0269,4409,INV/2014/0269
SO212,INV/2014/0268,4408,INV/2014/0268
SO211,INV/2014/0267,4407,INV/2014/0267
SO209,INV/2014/0266,4406,INV/2014/0266
SO208,INV/2014/0265,4405,INV/2014/0265
SO207,INV/2014/0264,4403,INV/2014/0264
SO205,INV/2014/0263,4402,INV/2014/0263
SO203,INV/2014/0262,4401,INV/2014/0262
SO202,INV/2014/0261,4390,INV/2014/0261
SO201,INV/2014/0260,4389,INV/2014/0260
SO200,INV/2014/0259,4388,INV/2014/0259
SO199,INV/2014/0258,4383,INV/2014/0258
SO198,INV/2014/0272,4413,INV/2014/0272
SO197,INV/2014/0257,4379,INV/2014/0257
SO196,INV/2014/0256,4378,INV/2014/0256
SO195,INV/2014/0255,4377,INV/2014/0255
SO194,INV/2014/0254,4375,INV/2014/0254
SO193,INV/2014/0253,4374,INV/2014/0253
SO192,INV/2014/0252,4373,INV/2014/0252
SO191,INV/2014/0251,4372,INV/2014/0251
SO190,INV/2014/0250,4371,INV/2014/0250
SO189,SCNJ/2014/0011,4404,SCNJ/2014/0011
,INV/2014/0249,4370,INV/2014/0249
SO188,INV/2014/0248,4369,INV/2014/0248
SO187,INV/2014/0244,4359,INV/2014/0244
SO186,INV/2014/0243,4358,INV/2014/0243
SO185,INV/2014/0241,4355,INV/2014/0241
SO184,INV/2014/0239,4354,INV/2014/0239
SO183,INV/2014/0240,4353,INV/2014/0240
SO182,INV/2014/0238,4352,INV/2014/0238
SO181,INV/2014/0237,4351,INV/2014/0237
SO180,INV/2014/0236,4350,INV/2014/0236
SO179,INV/2014/0235,4349,INV/2014/0235
SO178,INV/2014/0242,4356,INV/2014/0242
SO176,INV/2014/0234,4348,INV/2014/0234
SO175,INV/2014/0233,4347,INV/2014/0233
SO174,INV/2014/0232,4339,INV/2014/0232
SO172,INV/2014/0231,4334,INV/2014/0231
SO171,INV/2014/0229,4332,INV/2014/0229
SO170,INV/2014/0228,4331,INV/2014/0228
SO169,INV/2014/0227,4323,INV/2014/0227
SO168,INV/2014/0226,4322,INV/2014/0226
SO167,INV/2014/0225,4321,INV/2014/0225
SO166,INV/2014/0224,4320,INV/2014/0224
SO165,INV/2014/0223,4319,INV/2014/0223
SO164,INV/2014/0222,4317,Invoice 
SO163,INV/2014/0221,4316,INV/2014/0221
SO162,INV/2014/0219,4307,INV/2014/0219
SO161,INV/2014/0218,4306,INV/2014/0218
SO160,INV/2014/0217,4305,INV/2014/0217
SO158,INV/2014/0216,4304,INV/2014/0216
SO157,INV/2014/0215,4303,INV/2014/0215
SO156,INV/2014/0214,4302,INV/2014/0214
SO155,INV/2014/0212,4288,INV/2014/0212
SO154,INV/2014/0211,4284,INV/2014/0211
SO153,INV/2014/0210,4283,INV/2014/0210
SO152,INV/2014/0207,4276,INV/2014/0207
SO151,INV/2014/0220,4309,INV/2014/0220
SO150,INV/2014/0203,4258,INV/2014/0203
SO149,INV/2014/0202,4257,INV/2014/0202
SO148,INV/2014/0201,4253,INV/2014/0201
SO147,INV/2014/0200,4249,INV/2014/0200
SO146,INV/2014/0199,4248,INV/2014/0199
SO145,INV/2014/0198,4246,INV/2014/0198
SO144,INV/2014/0205,4260,INV/2014/0205
SO143,INV/2014/0208,4278,INV/2014/0208
SO142,INV/2014/0196,4235,INV/2014/0196
SO139,INV/2014/0195,4232,INV/2014/0195
SO138,INV/2014/0194,4231,INV/2014/0194
SO136,INV/2014/0192,4229,INV/2014/0192
SO135,INV/2014/0191,4228,INV/2014/0191
SO133,INV/2014/0190,4227,INV/2014/0190
SO132,INV/2014/0189,4226,INV/2014/0189
SO131,INV/2014/0185,4220,INV/2014/0185
SO130,INV/2014/0184,4212,INV/2014/0184
SO129,INV/2014/0183,4211,INV/2014/0183
SO128,INV/2014/0182,4210,INV/2014/0182
SO127,INV/2014/0181,4209,INV/2014/0181
SO126,INV/2014/0179,4207,INV/2014/0179
SO125,INV/2014/0193,4230,INV/2014/0193
SO124,INV/2014/0177,4205,INV/2014/0177
SO123,INV/2014/0176,4204,INV/2014/0176
SO121,INV/2014/0175,4189,INV/2014/0175
SO120,INV/2014/0174,4188,INV/2014/0174
SO119,INV/2014/0213,4294,INV/2014/0213
SO118,INV/2014/0173,4185,INV/2014/0173
SO117,INV/2014/0172,4183,INV/2014/0172
SO116,INV/2014/0171,4182,INV/2014/0171
SO115,INV/2014/0170,4176,INV/2014/0170
SO114,INV/2014/0169,4175,INV/2014/0169
SO113,INV/2014/0168,4174,INV/2014/0168
SO112,INV/2014/0167,4173,INV/2014/0167
SO111,INV/2014/0166,4172,INV/2014/0166
SO110,INV/2014/0165,4171,INV/2014/0165
SO109,INV/2014/0164,4170,INV/2014/0164
SO108,INV/2014/0162,4158,INV/2014/0162
SO107,INV/2014/0161,4157,INV/2014/0161
SO106,INV/2014/0160,4156,INV/2014/0160
SO105,INV/2014/0159,4155,INV/2014/0159
SO104,INV/2014/0158,4154,INV/2014/0158
SO103,INV/2014/0157,4153,INV/2014/0157
SO102,INV/2014/0186,4223,INV/2014/0186
SO101,INV/2014/0156,4152,INV/2014/0156
SO100,INV/2014/0155,4151,INV/2014/0155
SO099,INV/2014/0154,4148,INV/2014/0154
SO098,INV/2014/0153,4147,INV/2014/0153
SO096,INV/2014/0204,4259,INV/2014/0204
SO094,INV/2014/0149,4134,INV/2014/0149
SO093,INV/2014/0148,4133,INV/2014/0148
SO092,INV/2014/0147,4132,INV/2014/0147
SO091,INV/2014/0146,4131,INV/2014/0146
SO089,INV/2014/0187,4224,INV/2014/0187
SO088,INV/2014/0145,4126,INV/2014/0145
SO087,INV/2014/0178,4206,INV/2014/0178
SO086,INV/2014/0144,4125,INV/2014/0144
SO084,INV/2014/0188,4225,INV/2014/0188
SO083,INV/2014/0143,4124,INV/2014/0143
SO082,INV/2014/0142,4121,INV/2014/0142
SO081,INV/2014/0141,4120,INV/2014/0141
SO080,INV/2014/0140,4119,INV/2014/0140
SO079,INV/2014/0139,4118,INV/2014/0139
SO078,INV/2014/0138,4117,INV/2014/0138
SO077,INV/2014/0137,4116,INV/2014/0137
SO076,INV/2014/0136,4115,INV/2014/0136
SO075,INV/2014/0135,4114,INV/2014/0135
SO074,INV/2014/0134,4113,INV/2014/0134
SO073,INV/2014/0133,4112,INV/2014/0133
SO071,INV/2014/0131,4109,INV/2014/0131
SO070,INV/2014/0130,4108,INV/2014/0130
SO069,INV/2014/0128,4104,INV/2014/0128
SO068,INV/2014/0127,4103,INV/2014/0127
SO067,INV/2014/0126,4102,INV/2014/0126
SO066,INV/2014/0125,4101,INV/2014/0125
SO065,INV/2014/0124,4100,INV/2014/0124
SO064,INV/2014/0123,4099,INV/2014/0123
SO063,INV/2014/0122,4098,INV/2014/0122
SO062,INV/2014/0121,4097,INV/2014/0121
SO061,INV/2014/0163,4169,INV/2014/0163
SO060,INV/2014/0120,4070,INV/2014/0120
SO059,INV/2014/0180,4208,INV/2014/0180
SO058,INV/2014/0119,3989,INV/2014/0119
SO057,INV/2014/0118,3988,INV/2014/0118
SO056,INV/2014/0117,3987,INV/2014/0117
SO055,INV/2014/0115,3985,INV/2014/0115
SO054,INV/2014/0113,3984,INV/2014/0113
SO053,INV/2014/0114,3983,INV/2014/0114
SO052,INV/2014/0112,3981,INV/2014/0112
SO051,INV/2014/0111,3980,INV/2014/0111
SO050,INV/2014/0110,3978,INV/2014/0110
SO049,INV/2014/0109,3975,INV/2014/0109
SO048,INV/2014/0108,3974,INV/2014/0108
SO047,INV/2014/0107,3973,INV/2014/0107
SO046,INV/2014/0106,3972,INV/2014/0106
SO045,INV/2014/0105,3971,INV/2014/0105
SO044,INV/2014/0103,3852,INV/2014/0103
SO042,INV/2014/0104,3853,INV/2014/0104
SO041,INV/2014/0102,3839,INV/2014/0102
SO040,INV/2014/0101,3837,INV/2014/0101
SO039,INV/2014/0100,3836,INV/2014/0100
SO038,INV/2014/0099,3834,INV/2014/0099
SO037,INV/2014/0098,3832,INV/2014/0098
SO036,INV/2014/0132,4110,INV/2014/0132
SO035,INV/2014/0097,3824,INV/2014/0097
SO033,INV/2014/0095,3822,INV/2014/0095
SO031,INV/2014/0092,3819,INV/2014/0092
SO030,INV/2014/0091,3818,INV/2014/0091
SO029,INV/2014/0090,3816,INV/2014/0090
SO028,INV/2014/0089,3813,INV/2014/0089
SO027,INV/2014/0088,3812,INV/2014/0088
SO026,INV/2014/0087,3811,INV/2014/0087
SO025,INV/2014/0086,3810,INV/2014/0086
SO024,INV/2014/0085,3809,INV/2014/0085
SO023,INV/2014/0080,3801,INV/2014/0080
SO022,INV/2014/0078,3799,INV/2014/0078
SO021,INV/2014/0077,3798,INV/2014/0077
SO020,INV/2014/0093,3820,INV/2014/0093
SO019,INV/2014/0206,4261,INV/2014/0206
SO018,INV/2014/0081,3802,INV/2014/0081
SO017,INV/2014/0067,3758,INV/2014/0067
SO015,INV/2014/0066,3756,INV/2014/0066
SO014,INV/2014/0094,3821,INV/2014/0094
SO013,INV/2014/0082,3803,INV/2014/0082
SO011,INV/2014/0043,3731,INV/2014/0043
SO006,INV/2014/0033,3718,INV/2014/0033
SO004,INV/2014/0021,3705,INV/2014/0021
SO003,INV/2014/0030,3716,INV/2014/0030
SO002,INV/2014/0052,3740,INV/2014/0052
,INV/2014/0014,3697,INV/2014/0014
